0.17402912785796715,6.525046932047106,0.16096479137501254,0.7526380752824823,0.19705070161575863,1.809477021141831,0.1802543953948177
0.06163518655859656,6.40066831126221,0.8431676053521816,5.206929884114797,0.4954710472138481,1.6301121461593329,0.0386167125379311
4.412181302989055,0.03146129932610033,0.15338331257272228,2.368336923519126,3.2580940423994202,0.8688727613190118,0.0641258782255137
9.763067981241539,0.0417997610739608,0.08337712853476122,0.10213933816175624,0.19895434642524093,0.9029910866881791,0.0641258782255137
14.242225995279634,0.6805976357814641,0.0644440672801093,0.3167373025535605,3.5715803305867078,4.503287168730625,0.0077307828218348825
2.8824197016425654,0.04151137749515312,0.3857182191187942,0.13337124585180088,0.09113031087680032,0.41485775766403393,5.74991007052558
0.0019446090345879741,0.26715994245985974,0.0312799398694995,0.03314595700959873,0.5669661581832934,1.2317128476849684,5.349754758122581
0.21364743860924812,6.544192374455952,3.337866159016722,0.6246184225559754,0.1860518534481325,0.04357667027302158,0.1432961347704301
0.12709597635446143,13.19861646833078,1.0203764860366367,0.7563364612400498,0.6047424733583855,1.968380765978467,0.04663016246095338
0.368361541681685,3.7251305318298713,0.705503284697256,0.5404364838439986,0.15973352966190124,2.218063601362158,0.002371697329340469
1.4903748537309518,19.604182593948448,0.16445900202076516,0.3910294268595758,0.6415298026239572,2.149063868467126,0.0022220517339892
10.670635264006947,5.4926031965348185,0.043145177407486544,1.4431961252509546,0.06851448491986253,0.020018800623453785,0.27723484820900374
0.04358225132688284,0.5169530553468583,7.2529412287076465,4.279282961646729,1.3843948337214886,0.27697286082538547,0.17870413254342063
0.03978669277267064,0.0024956589753757767,1.396970603974506,0.21647074948477155,1.292595918798429,0.013807255544176193,4.414217323547133
0.12005018503497979,7.388727795387364,0.4508559827125426,0.004948891684564947,5.972744096605405,0.24986615337237614,0.8778822502103167
0.3253009098499796,4.906427277877289,0.5225016790384647,0.16740846450191768,0.19636137006814264,0.021808352853997244,0.4595227584230994
11.887941947859124,5.376829823049017,0.06027004882183849,0.19802268669814482,0.03522841276296316,0.045359439160243036,0.4017886369013111
0.014405434372491296,0.0009035948725697878,0.505796459907755,0.3330831197242874,0.6668508195214837,1.7800030811191556,5.019018057867481
1.8227297861195937,0.07831769763682558,0.08819216876472881,0.11178404699677143,0.009744455779221284,0.8235883458219592,6.214183323516193
0.026538557900823604,0.4867843648620447,11.613852453017154,0.016389774286953054,0.12419144578463265,0.10903881881970993,11.825426564575066
1.0479052438881162,10.235891502368586,4.558116205348317,0.7794132956287168,3.0320206729594896,0.03941934407322989,0.0128690642119973
0.4063081074621151,5.91213943940714,0.06804108444680129,3.5088978896815126,0.10521091562475342,2.963457384290477,0.06856953608284795
0.00023495718815909756,0.04848051583199208,0.0013768328233081382,3.0519879709645066,6.526852387162788,0.08679320562723876,0.10088846415548731
0.7254291056427392,0.6443959287052543,0.1619041131951425,0.1679683468072538,2.9001147433969954,5.947161506604371,0.1619083662585718
9.940358835256456,0.03531614076229339,0.1074244485567428,0.061422040979129774,0.018292645918670896,3.0115267327457738,0.05893904930118009
0.1091643113612333,4.129568016471846,0.3708079914886069,7.3564382225141705,2.120537190506992,1.5329359116235366,0.007367093531742181
9.872182481353146,0.019065955603998815,1.3318783147606201,1.8477289089860978,0.008772759108036087,0.015144212463819454,0.2823931294705946
3.1379123344930377,0.015834349540318638,0.004139597966588877,1.57481212419858,2.226699312116854,0.883553915426255,0.6030263138169906
10.218996714572654,0.019735751242996334,0.5425520281600837,1.7749858373891674,0.008427385151502242,2.8734402360744715,0.33292858242421
0.13573645961582304,0.125842757310269,0.002499391322649314,9.834536883429806,0.10737171106629077,3.0628567215432216,0.07018162795612787
0.5627741374201201,0.253745929441548,1.2302192781923313,0.2096712830302055,2.1730514550939652,18.766872423253837,1.884263313167861
0.0004168316149128843,0.005363465496149148,0.9823676936939953,0.09879833986757755,1.2330158823430386,0.2923154702469692,6.118358653176725
0.012995247992021569,0.15414378445204024,3.526894761444651,2.0231475454432384,3.8127002724561545,0.19583772291164633,0.6741315525367981
0.012752653714138083,1.7520222172584556,0.0007829906640056955,0.011749855292234492,0.07455053019872224,3.0161443394892574e-05,4.646423833059769
4.464054457873016,0.06169727458803173,0.02977657556209692,0.1554249089849657,0.05311966314053769,0.05520861002833481,4.6248772964968445
0.16762285907035696,4.832827804991139,1.8474252336978607,1.1713442260804998,0.03025813546105737,0.0025206802338209105,6.921625704833764
6.567814924016233,0.5498025999374581,0.2422890081188727,0.6842300455029734,0.03430629822117776,0.0018896720938188164,0.5404025457692707
0.3910670050558768,0.5027233444286285,0.11571460006514712,1.3485398983971089,0.04895477208171973,0.9764616677266278,4.582185422966854
5.583423033047427,6.889410867929022,0.3036119250621785,0.3975559241204122,0.2440103124923314,0.0008501497347280691,0.06316351355577081
5.2875545390201095,0.026774263655772235,0.06307755532604749,2.581081102478508,0.04045869445696058,0.002627978637972845,6.045951738495384
0.0070433417749282195,9.45692279446662,1.2736091754670351,0.05152533855049147,6.285420116618048,0.04973626938824128,1.0088477384582981
0.09249774908300863,1.4449571517959763,2.4808011897041196,2.5162919239017447,0.08840176735959202,0.29291842627685943,1.449705492112828
1.9924036686009627,0.01029086532493984,3.480227972387837,0.9019612707267439,1.5500942870766459,4.756077885586184,0.07363542604539085
0.37263827190210147,14.321080010307902,9.806568891952681,0.14576316369962444,3.039300681587981,5.419584615237385,0.015681246353781948
0.15044152204027073,1.5213702941102465,0.6668693325629227,0.07522718800099894,0.003816929941218511,1.6265307380650098,12.989158428661609
0.42868748200648404,6.691432657946629,0.4476741030961553,4.075757609886805,0.01881985921046436,0.2538559642830302,0.2560185912191881
0.03711543649454452,0.37533735214816744,0.5679964891799583,0.11041280950345442,0.001724897378879955,0.7333148384790189,5.86434885151576
0.39676550661059545,9.227707583070277,0.08669571008144866,1.55160626019327,0.005232343045393677,0.10026887357051778,0.03701215799085105
0.011426958907026675,0.1025004349823573,3.158496216251739,0.48655812615223987,0.005940062386020686,4.508268713275389,5.667600948502074
2.669102077016881,3.2367079305880946,0.41279028495939996,0.20952229838407208,1.358608233458892,0.9926827716519551,0.04336030684266407
0.1383376183707139,2.161046436360305,0.09563410627509597,0.3046939827426072,0.0054526725409675516,0.7946200148161644,0.7336255027111896
0.0017562377359318841,0.02948626939796529,0.15843665787854305,6.172195371253257,4.4592877231446835,2.096882930350295,0.470679451489761
8.658343573699451,7.831409991356906,0.13071965975204486,2.0380269274248906,2.288423971086391,0.0007751375040723105,1.0331372691326945
0.31802359661885216,4.9172404124644045,1.2683798883362218,0.038442382812811676,0.09107557688174919,0.17523380174531164,1.4271770777145525
2.9720965277950064,0.20152277465382135,5.258199536821699,0.5202669981308786,0.013979238260031281,0.009310107250584345,0.11715572439283099
0.9744897822950556,7.688337803924391,1.1664687506469265,1.6182544667277654,0.33956028354483725,0.013647674758702488,0.25448728973621615
0.13445684330318275,0.0014999944299620926,0.2387310529213234,8.102740329033358,0.14816553090465226,0.021923209497527203,8.157790308751668
0.08169220714120264,0.10854516628829412,0.00039385531067638217,0.00033217717802050785,6.050841081121574,2.337056167337142,0.06134632301808257
0.030870562475905555,0.007680866034779143,1.2700195360976743,1.9441382949055068,0.04630309600063944,1.229823206352342,6.785754769824918
1.5402328365763396,0.02040187278155578,2.518203585324777,0.5817138859789382,0.06304966291912188,0.20891446620554163,3.314483067237115
7.405544641117657,1.579620886412008,2.2959609809400696,1.8435095542161246,0.1053254491467204,0.061337659386283314,0.050397584793103946
0.0004496913071727147,0.06280316960951565,0.000604381546690628,2.0239585781546747,0.022198325823550243,8.217312222414492,0.03420153771141877
8.260568618723426e-05,0.009084551368736798,0.5873483184568563,7.125782366275378,0.08717448230368671,10.798353727722983,0.30704416943991586
0.0023082108443266023,0.08731712369313412,3.8655616338255583,6.244328444009588,1.8074954489904234,1.347292688022563,0.006298710450414835
0.5234813363370875,5.754126654967718,0.160400823376045,0.437945656758387,2.912453740674279,0.00320855743821778,0.20440383610131024
7.05527449332403,0.008058597773822975,0.6821814119854678,0.8172926142067451,0.17488182287210063,0.004000220835936991,5.162184564202541
0.05196813104782901,2.4044710133922367,0.003626656475483204,3.453612853339823,3.81455150659239,1.1648067926683494,0.0013207687566397426
0.0952127192267926,0.08524497554507969,0.031247335191848403,0.344293583038417,1.5859317216108468,1.2777896296764897,6.977337370794718
5.188808609534911,2.1048215756179043,0.07396692653114756,0.45728638297542873,1.1432597343201663,0.01647742702211306,0.18623082954666625
0.011351349479305719,0.190319848520402,7.661918477150701,13.584345337226988,0.013686077148834484,0.30922428805603197,0.0910940694488467
0.02130627771669484,0.23419941078631462,5.841471601362024,0.41843247032664677,2.807102431545738,0.0030558406624948535,0.7365507784826671
0.0022732879118608487,0.20245833320378948,4.907077707194754,0.2857614258873643,0.07738772336177416,3.232679459031086,7.415464877262789
0.06540348446407639,0.004102497132803686,2.296414676029005,0.3558461463924258,0.3826626744820153,0.000316067608552957,4.626750349371254
5.479432140161825,0.0283131058753459,0.5319688039923959,0.9943534007170571,0.004721051237723993,4.240248766770097,0.04586517646058795
0.2622897197518308,3.478918197738935,6.073191207292137,0.2848850298664191,2.174142421913831,0.017567536909483362,0.41781155234972756
0.0004235900577061716,0.0077773048083811195,0.14915963251850456,0.003910073493438127,0.3284213209727481,2.6072408121570723,7.396903214563633
0.03672171392288705,1.3547627099100665,2.1074182466361973,0.03793152616194016,0.12886654717640564,0.08141841487797408,5.40846695803368
0.11647576451552055,0.003074518371506294,3.7033887130628553,1.831107678514105,0.011253793968526639,0.01797627163902704,4.263410092369046
5.8413160386468315,0.028276481335717953,0.5791371843666744,0.026088373279290374,0.12009846368730451,0.00302965801004904,0.09202691513612095
11.804025357639167,0.00026225275325193054,0.047072620362915395,1.2421384200445942,1.3973316438534356,0.04524124063242362,0.012304868360081829
0.09853826419194849,5.020532224627301,0.10033660731956662,0.04255605570786131,0.05498692261971908,0.02277625385973816,5.130906201340145
2.9960509504990425,1.2153373070405376,0.042605885029347396,2.6639146097127364,0.013482270639694394,0.012735243720556844,0.3237574248786332
0.002945260474121346,0.04536152045504087,1.0193485633485229,0.5847332238075966,0.022866459152604858,0.03442625451136093,4.820075407458596
0.8530125518366831,0.02495212769114834,0.21493410278339206,0.10948381545005079,2.7000049264886083,0.013598988684590812,5.224349763858541
0.5632571600797556,7.409005986587691,0.05513011460821983,0.15582702165908122,1.4528442232706626,1.032215024699294,0.004422673109811376
11.312130880244345,5.11639465820954,0.10557135720962878,0.06256981183527557,0.6530713061299889,0.001808921001543938,1.0059187370216083
3.1137764592383226,0.015073083077635838,0.30871531679156655,0.013906688499548217,0.06361458656107874,4.183613957737006,0.10738002381537923
6.346635420340755,0.09179045078845238,1.9250048609148178,4.6473358199616985,0.015072536343015528,0.003828824180540422,0.44138484028041797
3.123986002317289e-05,0.00163087345402843,0.1467966027529225,1.7734401612335633,0.02500708963559492,2.692035829455145,5.087885638440353
0.006061033500131909,0.8326945583103367,0.07261522949452766,0.10056530523800454,0.011525306265046614,1.3999059926720205,6.961240703409514
2.6553500520957996,1.0771332113115515,0.03776088621370774,2.360983145664211,0.9422871167146564,0.012996371103548465,0.14978985383665452
0.0563892895518709,5.8558943175439895,10.048951693460113,0.1307838754267864,0.650395987318451,4.620269250439458,0.056357257451737065
6.320880997546851,0.2689895381306535,0.3910922794687414,0.9282459975034946,0.1289854832719901,0.0016915627946091879,11.638639984662328
0.3317501306159368,4.387043788102304,0.4026115341004687,0.29502884642677496,0.02118196975696743,3.6911825025160327,0.24678486223067733
0.0806538680002506,1.0073826882677919,2.0187041223285065,0.2519128773012246,6.398162175635593,0.025314338457837114,0.32294795110522084
3.45608515154889,4.149373179494015,0.5707018917369682,0.47357973266082065,0.03442747246861246,0.02460976829624825,0.27216828845198826
0.6439040319914306,9.939590682687939,0.3100983034469516,0.011893564838681248,0.03595797734541631,2.9754859349850236,0.04313975373166918
0.02823982517900796,0.7722832472246834,1.1405669375051772,1.2084472434340967,0.034433229233218794,3.820386831623001,0.14720415791966418
0.030757044618225236,0.037930697041439365,0.12061104952577124,4.093644304587306,0.07988208606438692,0.011080096054216436,6.712954822578685
0.04443279929642904,0.6701681178850227,1.237261619843318,0.23163707211930096,0.07200920869759495,0.00804003507127557,5.059021047770787
0.12299555947495187,5.82871198284099,0.7743138340462956,7.609496964832793e-05,0.24343574566191167,0.03554772517751333,0.06270139395176304
9.515241271112634e-06,0.0003606459803451081,0.0006354931681709614,0.0015822497861984533,0.0005749420208276148,6.116393245974363e-07,44.2589255271245
0.3942220788505845,15.034849647978723,0.4656547390588731,21.805627390668416,0.028929663200335097,0.03642147856297292,0.030539061975450733
7.142023110817639,0.02642954958974041,0.6764883161097585,0.03142950616570835,0.0007980894907444852,1.3029042697240332,0.03711711380824914
0.12702879214088045,3.8909937712153586,7.047702054517636,0.06540838160438789,0.1505860585441164,0.04503883710384821,0.1486689902316794
0.009540048879086062,0.14726446215546188,3.8321838211865384,0.005332682523750488,0.002529020850973567,1.0869287871091056,0.41371744593842613
0.05864292653439239,0.014874226025524432,2.410762033524206,3.881683246249877,6.72011020502447,4.882260941609227,0.03507587010299682
0.07475447150915675,5.551496925426907,0.7340838942435399,4.533290109962792,1.6606637819330476,2.2376119262171406,0.035997739395629724
0.009978323428650723,0.06992031660577835,3.4753245689986834,0.20479816892929648,7.107330900498523,3.8017531809091816,0.07811019892336439
0.012019366334945394,0.4612750208515278,0.32706766819236877,1.3383874453779623,0.26198336867660726,0.04074907600858271,7.281998656998144
0.19038098185724775,8.54703314828112,0.6702342232590746,0.46573432761976247,1.7912613209572166,0.043556570344080524,0.056636016649541286
0.6487803883879556,10.848008144519959,3.272634779964146,8.309507714690513,0.02673616694915337,9.988782394551212e-05,0.7698074677752549
2.5491604039736098,0.00942798045376394,4.410999545245369,0.02559235547660709,1.5948931278349765,1.407044644292762,0.05777223277771745
0.16330958482755914,2.555432608003844,0.037104588659904625,4.328911093379292,1.5225633221948462,0.24743152148433106,0.04265819182757994
0.8332356559710727,1.0597976583210527,0.2255545227578886,2.8301002662694277,0.06535094500572602,1.318416976315121,0.12590593696861532
5.527632617633597,0.13210110262874133,0.8615928093181834,0.4025565435134308,0.009475374266916733,2.7965389232316777,0.0034838599835846067
6.187662818601403,0.05061601836356363,0.012791900663897453,0.31188393077578264,3.0154753158941303,1.216062029906811,0.36744271194998596
0.00236774087085231,0.04222846373246454,0.0002246952427690152,3.5177780144110415e-06,0.0002002057961969778,26.539540828563226,0.1183061510660058
0.7207600928370397,0.001060325159695335,26.246607874020416,0.03410983144863465,0.0030221120568982448,0.02059168314514645,0.0027013358305788843
0.8992274113592079,0.23570025910458817,0.21446191474197301,1.8960071983514348,2.0111117125155324,3.394020102998683,0.008948000280414271
0.016604171217684496,0.005193517186138853,0.7180924594519963,1.099251633556082,1.1692591215989825,1.1214875380353388,6.983296404299146
0.25759629915945403,3.224497512237933,0.46867853601233467,0.17024678791288947,0.02364511284697593,0.013034123501504085,4.01595557828598
6.962944970892618,0.0001627013815718797,0.027767175353682366,0.7901513605710011,0.8303872350958654,0.008738491841108312,5.892953295273436
8.969457717560577,0.0752883693893867,0.6520954738929271,6.3990816695540245,0.011447197423503969,1.5120265586323942,0.0002609417069805293
0.017234292144920796,0.2453436055245405,0.01054264823120231,13.871218165194598,3.279146277157182,0.06483070212856426,0.8605642744325829
2.6376115123158685,0.0038802451409347153,0.16115492007944812,1.4921267328096353,0.42341678074692224,0.1197782567481421,6.279101594949871
8.17131833620068,12.8790658334176,0.012247788935442337,0.46601055430092464,0.18342462354924519,0.1708877106773821,0.19744958848365135
2.0139408793890734,0.01922102338029561,0.4739807184074146,0.3764021863741819,2.251135402718695,0.02223724657694498,4.9787351220264835
3.1771361732267835,0.018029018603962624,0.7183009400186432,0.4422239560963675,0.01390793331410107,1.7150462162939721,4.168323623422717
0.0014950562676451862,0.0005430773405914495,0.06219839045010041,4.0755949054028555,2.813431556408016,4.64059097495083,0.43030229930977537
0.016679737916496313,0.0006867210207961323,0.573772073395818,0.3668869373806355,1.8454463544808142,0.002737483788358174,3.739366705525739
1.9157561192371304,1.707614153185772,0.05034364628547157,0.0024361319064001674,1.5282918868329263,1.5166832753375814,0.04834298966716263
2.978958101410025,2.1447887991116974,0.5964739503514769,0.566505057622511,1.171373523977061,0.19250658187904715,0.002616593689258451
0.01734042522596849,0.5461526434445835,0.9783907904508278,0.9652834939946072,0.03357401057578237,3.048588201908887,4.948404399598879
0.0016048205976242989,0.0003643058298615542,0.03168142032703123,1.3786616225261739,0.9493756626716557,0.019482125990933886,9.432432218300518
4.911712506314023,0.23537523727218554,1.5032811663723493,0.0005123897947976338,0.2391583740420107,0.02366354154252272,6.6934931983981665
6.027711860716487,7.309552883300079,4.914889397018134,0.603331104649323,0.047402743891874495,0.001197665133620166,0.010968273984062193
2.6717664753676433e-05,0.0013881147566660414,0.12535746920373775,1.292014868128418,2.5127589708043416,1.4197057880856403,5.343760867611475
2.5532036247320034,1.03569787993461,0.059473737709163275,2.284667017432688,0.9118287440819808,1.2200029417333509,0.17246888655824075
3.547525684261841e-05,0.01797041977839738,0.7337949091538499,1.0696108801783526,3.6929518733092537,3.2793066113526814,5.519628758532912
3.2030364772273544e-06,0.00010088258023034969,0.0023218168223427807,26.527039211322357,0.3552617024915724,32.258482565294024,52.36129200740621
0.12526259053210273,0.0016687753129442913,2.6677485226361353,0.12476189742570755,0.08954749511299816,11.567269829177656,0.19208556309613023
0.028350695495419586,0.892931233608261,0.07048592315457339,0.03562291119959246,0.7018640598579217,2.055823471837417,3.2878387354544207
0.12417759246539115,1.5534618241582627,0.11725965650019943,0.17946001034725054,0.44987700618432,0.30545398910448185,6.317921593862062
0.45970333734774244,6.274764406625552e-05,0.0648135752225893,1.577819962225705,1.6608374152924017,0.04658013511008604,5.203616085496874
7.3535758632083335,0.31640808252664215,0.35301330620500926,0.5351612668975025,1.932944814159147,0.03134430081786327,0.8576177359328506
0.6604857016976735,8.547557653145532,0.023957896589697485,0.17432242054221678,0.09435931893527828,1.622304697437435,0.01747768516245335
27.174689770875265,0.016679139283666215,2.626160510585071,0.02516777435973996,0.6094899970783816,0.014309351963962436,17.991222896281048
0.04851921703603811,6.622676656027264e-06,1.4092314900740204,0.15507511297398857,1.24525999342158,3.0399790052109106,5.59623331747987
0.026382435426246405,0.03199287082635618,0.0019073543063552734,0.0020223560601753733,8.443284655707465,3.7579637496489185e-05,0.04066831837437402
4.060596692068515,0.03875427762302335,0.3397592628319737,0.6676640928609113,0.9821198331085983,0.05312530705257644,10.73629767775687
4.356255596745039,0.036671221429202865,0.3733840795622379,0.7091827027256663,0.007487813910226891,2.1520438454469644,5.230421847757629
0.11482831181477553,11.924648527993444,1.5702293361883946,0.11151581212857047,0.5439306029100703,1.856297075781632,0.04253026781520143
0.08020623827645187,0.773390836326828,0.589873897355826,2.440875974159324,0.48061159133511583,0.08180552117644878,4.447669089640957
0.004839670405192168,9.725518584103963,0.06409968575298111,0.5560162959456288,0.11510265804910837,0.1146763021036354,0.8241793528693715
12.986488887549626,0.6198195136763051,6.696118800349048,0.03855605690200142,3.6810277417988684,0.08371158777642433,0.036149523988643024
5.343690668080144,0.18520647702390367,0.1329174770946232,0.6615848995279476,4.126166583082136,0.21236998489640208,0.7469276928849728
0.517766948607802,6.725380676639309,1.231968607629191,0.18897762514350785,0.04477313267310209,0.7243901707070867,0.017553475443710796
0.08607261598544484,3.303243069758628,2.268686200325694,1.0352206179389417e-06,0.693065651105903,0.07303165035667097,19.160612382099607
0.09990498547366378,7.312441031165962,0.07288870488354487,1.1782211175960824,0.07381288090863697,0.041493437588050165,6.03744611270309
0.009248896339318668,0.1457797447893705,4.80242543884237,1.7915768251975355,0.01343324660495248,0.05012811711622293,0.5001288512653264
6.978812809919541,0.03533818380466181,0.15789785153840158,3.4424848166837148,0.006719451296824219,0.033313307937920394,0.8087527002031984
0.0027284146627337986,0.046876832770951025,0.9390589711676429,4.787023602377633,0.1262007396345596,1.2926049009579967,0.5868039079034427
4.970305749941068,0.3521795008891806,0.06899245972718457,0.027441018819925868,0.1122685137481578,0.009740917612005016,14.373843741203508
0.10026196785021194,1.3685352619679751e-05,2.9120899095787443,0.3204531511672478,2.5482233864779813,6.255306612105224,0.7469556071782796
6.36770586619543,0.1862666727832666,1.6044748042597328,0.6298815395178325,1.830591089617486,0.03700467256250873,0.041329739634629124
2.623813066750611,0.022087416089988193,0.34055462083329835,0.44403908912596457,0.004691248681877983,4.3174956174570545,5.344548934733638
0.017514082622041977,0.6721493131621482,0.4609786927927271,1.9241353524010836,0.3766409070502231,0.058582989549525157,6.550146349668785
0.16650166696190769,6.389942511059759,0.43874185756834905,0.532249222991731,0.31821358673694183,0.14765424898402882,0.34170220299218834
0.06495592615503781,0.08481660808298129,1.940750285687715,1.8673394875235145,0.004729998657333588,0.08478269536499568,5.7241237842548625
0.18492622000493542,4.129104942886234,0.30253187093219824,0.15308341289128347,3.1216828910199315,0.9429437362162573,0.04318952318348176
0.38007671092272277,5.732596146187033,0.06896503938912382,0.11848791966328123,0.0011403794612446939,0.020026222423133674,0.4688616182744001
0.2214851822532484,4.509707567760515,1.1445667242418351,0.22976854367526578,0.024751596505092024,1.0329874331140454,4.975792944867164
2.774321134932392,3.7862976665408974,0.014277831812020926,0.6112498579928706,0.030647177880856222,2.8563728122473133,0.673680789527751
26.018282452950675,0.038276036327611625,0.13128437246065502,0.033122542268496154,0.19714559269476606,0.020626309609713876,0.034942427357987624
4.717379878334136,7.3171846098549755,0.03131206494140034,0.2598840576131809,0.03703323835890292,2.1110291285414093,0.0227428932035364
1.116283312116018,0.010653792204528115,0.2627171292056296,0.2090108568198672,1.2480512085487512,0.02513978029555187,4.279694074894705
0.009158504548378067,6.575035553564658,0.295064397196449,0.023552736835513892,0.028295186122043396,4.216076611964788,9.540898588150446
5.101365909749873,0.39790567427168155,1.6434615182637573,0.0005503248914648623,0.06201570885169771,1.8121580083993385,0.5770437361480254
0.27541025775939004,4.336601063369608,0.1856961971949084,1.8086296947062732,0.013149229598303638,0.03236744005380112,1.4084424115255187
0.2697141682717166,4.509980966211275,1.1887957702517475,0.8483235219110701,0.04123079969547775,0.02752147638412245,0.08824129699327307
0.0602998018732098,0.9435580901493293,1.5593976100782114,4.046789537147043,1.4205442603073437,0.2308524200865381,0.0219515857053332
0.3821959715081309,0.09207334342157865,8.201472412281872,5.310349552237743,0.047214337339903,5.572362678057107,0.02084613038280957
0.40624133447083255,0.09221970773402856,3.579224056477598,12.730650064805827,0.10701018223856579,0.1411157475414606,0.003978315952471313
0.011975385162416243,1.6452372451327535,0.08027593271435406,0.011563053033192732,1.1930243960505595,4.791795443299412e-05,6.721510175565496
0.09788216119476982,0.09074762293860615,0.001802358961069074,7.091872936897866,0.07406582086659204,2.6469346722559,9.727558730438316
6.248413775577109,4.567173141688539,1.2590816797087112,1.1912293450587443,0.00957245500226799,0.3473435047220201,0.004659156257479907
0.2096667463591288,7.861243556880242,1.094610762573253,0.222386477523313,0.010047459276434243,2.1774612480302507,0.21691182378854493
1.7625181898322508,31.42988399102242,1.1864328029268723,0.3033525419804876,2.388485508416108,0.14595832322459026,0.0018749991243190108
6.777784414645537,0.5221475023317687,2.1815902357606785,0.0007305211569444963,0.01826982769729753,0.008813609707474853,0.5666213481752703
0.03965211517975119,0.6657372897006466,3.577162976492657,0.45757942697242066,3.322213736988296,1.8635765023484385,0.3616590185515322
0.026979975804226442,3.6826574469681747e-06,4.503449401131397,0.4792506799748417,0.14246074431504907,4.638868104159366,0.08460493745258997
0.07842373037993729,4.700247893732696,0.06639557535417884,0.003009458805637985,2.0012522429826944,1.9960377532647617,0.7685715839240683
0.02784607410346016,0.023655060826637934,0.0721229186696222,9.044891254328714,0.12116854839333754,0.09316290858523842,0.15976202294724381
4.459481426248855,0.150205190484085,0.01957896129950125,0.0003976722337980987,0.21617190481706572,1.8859527389735937,6.517372105583914
0.0011932329847531083,7.490481560913417e-05,0.045292424666396734,1.7414837725678274,2.0229903010149313,2.742368496515549,11.613170195879833
1.673003246704273e-05,0.0008692078877817496,0.2139248036856382,2.18926901563347,4.122776407755405,0.0022999671105039476,6.7582613202010275
0.0004928739334713364,0.04389520329984065,1.375404359926173,0.044604760368074606,3.4156567176922197,2.8814191222372862,6.569111613577817
0.06487796120408286,0.0006269745671970286,4.37453219213851,8.6493744540406,8.541148234597816,0.2170839279611814,1.8587475406977496
0.08767001756562819,7.295755093145511,0.0399218919702969,0.10064568983172396,3.199013415700843,3.1657317876904805,0.5324963208739603
6.1191915787822095,0.01454956280822653,0.2762192285769794,0.04506128645261307,2.980185701639778,0.044401478200483825,8.046483768403386
0.0721723038933151,3.1134753931840287,0.14778651334393111,0.17597966149659947,0.017109436161120126,1.3717081356504925,10.373145914866797
5.288126659734854,0.004403242429344155,0.37381872034902425,3.2092435674880813,0.002969219534605283,1.5195489221735816,9.978662690198332
1.8634220208187005,33.380184071173275,1.2597512567225695,0.9013959439022694,2.1878146812828145,0.1555617359140927,0.002002537727918111
3.7948400827332427,0.03194519189055519,0.3252639428310773,0.6173446740440786,0.006522212704458794,5.820697391922676,7.259276407907095
3.947923787438828,0.014230857709357248,0.6700338629780235,0.689226539395027,0.007277109338883552,2.090644166509198,5.082662791678949
3.973165402729713,0.08897653882634887,1.9347910509615214,0.20740739981658654,3.7782069589418295,0.0007084864242160608,2.721478974074782
0.12600212667764257,0.00453731704524806,2.7435804051979584,0.12830830724413664,0.08827901796843922,11.433177855278458,0.19139537882297072
0.0648632099114676,3.6100784850193643,0.03680273866599521,0.5814614406942571,0.060040708419963895,0.7259138721414918,3.432920424111072
6.76908268485239,0.22675786655576574,0.17528730455607172,0.021325257843136308,0.12148137640589396,2.8758205506978785,0.009306974350580116
40.03745069432453,2.7067822743497993,1.2900357845047123,1.3201198303434423,0.03480304697856938,0.0007724551285783346,0.03892059860059332
1.6247021618486124,24.009652500479447,1.5437839381628595,2.5002324122041344,0.3913334193114435,0.8260556267629733,0.010566698983448915
0.009191945993647687,0.011146686652175112,0.034539540121258115,0.0019218045541767672,7.697267459099487,3.4259240641726765e-05,0.02032399566129709
4.696475597520337,2.636307982969374,0.8536359180586739,12.330517676118186,0.12468305143135552,0.5400737222897132,0.007244378629507913
25.375324884573885,0.5898697603912345,2.2139683278465863,14.279983321322199,0.024152147602335333,0.20380077540688402,0.01577287514005261
15.107125538286246,0.025585657092722792,0.06815545747558747,20.305967970472288,0.4688929971642339,9.796039784789626,0.9100635266075541
0.27267036010261486,4.893121563600601,0.3206908869323296,0.2587187449526177,0.012190408722143076,0.013592012574681036,5.606074977807856
0.03049279536220223,4.595671934619685,0.2731322322695403,0.6821549571745072,0.07400625203065268,0.000208890576549724,14.401720183179117
0.3928535342495007,0.0001927777465548275,0.10447814564960743,10.911733771149898,0.012111832387904637,4.3245945360984095,1.510001124825148
0.303907485911709,3.0657804454498643,5.768649372700305,0.8927056624181107,0.2866331021941676,0.5685927278214438,0.05030797367857784
3.0414894704313737,0.008456633250109775,5.295463876250844,0.7503820180126272,0.02256597863742295,0.023657841487455138,0.894498996025644
0.058514922255345055,4.2829385981770445,1.1093627438400866,0.857991374971225,0.4490154742403254,0.032093016773957844,4.629297181726615
4.37050758036152e-05,0.03050370770643387,0.04939554851826441,6.399326026861894,3.81716287332313,4.221133586355022,1.6780465354412066
0.008794649202132913,0.4230162789938102,9.769656068885054,0.01378719580586621,0.09732971206045961,1.2887623942648,11.084522617939786
0.1350313688418369,0.033596985975765756,5.555210616877918,8.503883121139165,0.2025350344510663,0.21244979038868178,0.10881984198675956
0.00013868169021882245,0.01510146516825515,0.9787383087380733,10.13024869602281,19.718440459745583,11.13747929247055,0.11667187401314676
0.6564250282313661,6.43381522360316,0.5021160313741778,0.7687985701434572,1.0551218168895482,0.10702511573500141,0.10566221021356433
0.1933354414373921,0.04388853716033125,6.338989313131152,18.054094049338335,0.15718303170924022,0.2053409285691681,0.005829426099579913
2.0405127351131234,0.010356001296102544,0.009566377141086425,8.473494508736716,2.494931933722883,0.02189098230724958,0.004689630268901403
0.05476386803735773,0.0032955586674243767,1.4539176299762357,0.08885500140407854,1.0275276921690297,3.1378094780694017,5.778120121859717
0.16842177324484903,4.60588240615449,6.799780680237205,7.162836505791178,0.183664920847377,0.5761748043661236,0.3533670703629194
0.03513359229927632,0.03178551843484134,0.0006394125903952068,2.1412708650632077,0.023484980795647405,8.69360244863631,0.05778940754470919
0.026450490454889113,10.205593617354888,0.5738054699734676,0.27927917097517047,0.16981359635140264,0.42856335697386083,0.9974103847119355
0.24723432781366975,3.260135906055619,0.060989798431032805,0.3178621208719131,0.07378260499195126,17.53053388258168,0.132199959210171
96.74051454456139,71.73736861316668,0.5486076328546029,17.11169813090806,0.10885927567908182,0.047915837736827865,0.06371498235825254
0.0057515752068065945,8.335884363308106e-05,0.13725634731235206,3.4179914847322213,0.8719911024740503,1.7038072950145862,11.618703891648009
0.1200276065773448,0.005751868893189012,1.2463885542470041,0.0001057211870039288,1.0841192066731484,0.005372971030340766,8.42117752092156
1.0517685340092382,1.3156358097089154,4.157002627375514,0.029458608289037163,0.12223754613583399,0.016955037347485786,10.272329695688313
0.11363915363359402,5.385315529532834,1.6293490409075346,3.977269516820298,0.4013472000527365,0.05869042197502141,0.10352199053735489
4.6965198355982745,0.03600496525343056,0.31142956226439805,0.24994820167945134,2.347656008336831,2.376549342287294,0.36205343734558026
0.06667178426282463,5.105268265367219,8.095703736643225,0.771873117320392,3.2920770925764917,0.03437964756388755,0.671651351230102
6.099568283809517,0.030886007550735745,0.13800466548642132,3.0087740962895793,0.006226595479051585,0.029416894908477483,7.036765664951909
0.005756828113577843,0.06828490479070465,0.9600513083239789,2.488149057966483,0.8164686409423837,0.40485554233321325,7.250379884941654
5.116194681135476,0.39414181844225527,1.6467682767392346,0.0005514321832869671,0.013790936620556946,1.8036441139356316,0.5743326649016239
0.053190722770191545,7.395694105952899,0.8758085681635575,0.7680660538927513,0.12360306477185001,2.4023718263685763,0.9141280546696463
0.7640246779762027,0.0020247890243859853,0.001130985990972481,1.0770217090521146,0.7530990876897764,0.34958575663789376,6.6003434987086385
0.18848750977912365,0.07645928134419099,3.233786765841824,6.618842449563081,1.224481887991891,2.0772542861166134,0.2869745820922238
0.013986578716381844,0.2109558542885155,3.2538624654133517,0.4128467890839279,0.12834202368075692,0.014329755737841196,9.202598008543461
0.08245654946534885,0.10639023709521453,2.4470738699404655,1.4262696882700987,0.004854679972175177,0.08701754122854197,5.749288695459659
10.45786348226944,0.02048385591872475,3.127472848392594,0.014109886624516139,0.014458635861646068,0.011949006260321107,1.3086518245725671
24.11899947757921,0.5051051248660259,0.6169798884282147,0.0757303558659419,0.42760397115290033,2.850373428191991,0.026117506939664078
0.06805734150156278,22.31222602206102,5.582174972029947,0.6951578697356929,0.24436812132671915,0.6358876829351645,0.41732559472627756
3.125513458105144,2.9278401390967765,0.05783983770411437,0.0036334287456868427,0.06264169517790343,2.2227475932769645,8.16865938671407
9.565319129415741,0.553666757258742,0.3961638394342676,4.001982740639467,0.41875034549678686,0.00261765733944714,0.5007872823471134
0.10035082627026533,0.0014544065816289727,0.011355698227138483,2.703051472799793,0.6895970467859304,0.013207204918887772,6.66240903500372
6.71209371586634,0.05650280830445534,0.5753080549054193,0.052439998947698276,0.17306358562011123,0.013054996775856037,5.194413852537265
0.0821135636585835,0.9739941450096625,13.665307164343018,2.1937412824226135,0.259239045416057,0.35295591747227545,0.22772874161745
1.5426435061374941,22.796999588121217,1.46581221039097,4.1638369946895155,0.021625351200408413,0.7785678174308447,0.010523511646814589
0.08542432315013332,1.0014410344096527,1.906294888184299,0.08761672036409233,3.626274845139306,0.0096001210023046,6.421393785828085
3.6926735033926654,1.2816033439755243,0.8106453361561273,0.3341187933254509,4.080694281831471,0.10927630966849661,0.19935749466340996
1.7337252998070967,0.6279493537332244,0.07750039313252405,0.12299170044213546,0.10168332880213966,0.8284659582577425,7.560567262269064
0.027896362171715046,0.0007552687743743384,2.109836974658959e-05,1.1784914649748646,0.001337490912250853,5.162157464402528,9.680571419732237
0.0016726564921150813,0.04218495099130688,0.8049645872406251,1.2610915104804072,1.3414060136805122,1.2718497678667968,6.990131192260731
0.13265434057835346,2.0722648933160004,0.09170520249037856,0.2897982251909779,0.2182880220984545,0.022444994576294272,2.537361328104581
0.15970926755601478,0.14445589309365553,18.333782296695883,2.2854125918209767,2.5662040518542395,0.0008692274809331876,1.15854451782871
0.07795268979080977,3.6139597931196805,0.058261335579507044,0.00026113920324447634,0.8600329067876689,0.5773373166211323,11.127698624233364
0.2950661946612228,13.246809224871276,5.470272390457225,0.939168342935591,3.593670228136808,0.08791857303005236,0.015022546352612605
0.003826798417501684,9.442498165275856,4.589436362669913,0.8600748542503621,8.74145030410275,0.052361623763443235,1.1683697597894052
10.353533880376451,1.0153325505703827,0.5766953794149191,1.284183068004891,2.375841259336127,0.0002479017882025202,0.5487557862027002
0.030224133339035883,0.3585050702781801,5.040400404983784,0.011098954398947796,1.2795026415187336,0.6854767425455196,11.318608731497166
2.617968263894196,0.03895379442075728,1.1035905718534096,0.29587872570243284,0.9932757542590654,1.940788697575127,12.998503772508295
48.1995901758835,38.17927257220565,2.5367922247085226,2.592796205205108,0.06603100182560437,0.0014712597338039188,0.031320010651219664
0.5700270067846633,7.404197249168234,0.055143676149989974,0.15586535378804858,1.3842420722884476,0.7959742519545913,0.004297131053703906
5.831570622203208,0.19505332913272883,1.0386738063609582,0.7956550053646572,0.0076084028966244225,3.173748730502634,0.003393577796194938
0.27376776143461184,7.89315047428009,2.2321202205026665,1.7787783882685282,0.031555686414201006,0.00487906913714854,0.41015091058201264
0.6175954808644295,0.029943939310015755,0.3222739233436336,2.954280217003749,3.0703956483843613,6.29767138665882,0.1919294751439891
6.824319592242803,0.06227658880931698,0.14374365881110993,3.8361402467101624,0.007293249548946977,0.10749698926311355,0.11754581822117416
0.018402627441320266,0.24266479100114463,0.3851895168044373,0.0575672292611516,0.013362586663065204,3.002348298858147,9.630993355958749
0.007542774736969803,0.1187682884842927,5.288626491674956,2.0413117763766704,0.01171859948828036,0.0365162775719258,1.6464229579675644
0.0015483975323601848,24.576415548045457,6.130328779653981,0.22864100373862978,1.1053724968118106,0.7049795485156524,0.4626697721147001
0.14982871817100002,3.3884205677340753,0.4762368807919027,0.1628660455096815,0.043253494261040804,0.012291180515963286,4.126142826691988
3.869331817063813,0.019637615890861954,0.029350436343417663,6.915014505921521,2.565845116740498,0.02251318735172667,0.01501747999011873
18.953755493816434,0.9539034407433241,0.4673399306042229,1.315714531450068,0.34307561883561977,0.0003500166959195732,0.7460943039266879
0.0012434390753650164,0.1231983923155775,3.3252769975304,9.258321189152156,0.8809048643112711,0.11411483832766402,9.374523747397998
0.12626875332364626,0.0009743750182193286,7.061378910264715,0.0005005717394569381,1.6485773211840276,7.944525586645801,0.1486368732808586
0.02694218879472984,0.8426066285040873,0.06652789898408715,0.32993106309138587,0.8833038921965618,2.576480122917077,4.349994329101673
0.5797809716793508,22.111698470500635,0.6848367241779302,31.98623266092534,0.04248288749700604,0.0009429095200798325,0.04480378409292329
0.1362186855084862,8.383850367031226,0.47779917437684244,0.005594412438214764,5.871586787079712,0.14521031110161203,1.2822660788034916
0.004903396024276237,8.0547325921454,0.5067457067247064,4.613562982929729,0.021303181913155746,0.28735282907185605,0.31700274153273716
0.0059238339420376075,0.09096119568398466,4.095226366238418,0.421653230254327,0.010429278755903592,3.3275068052524386,14.091068689873216
1.241110672617989e-05,0.0006448183459146381,0.05700165306274491,1.6081239116324704,2.9955032715427548,1.6832194182120945,6.335623996274754
0.008752122358647101,0.11634769471644998,2.633292107113276,1.5098317678371864,0.0024488510933854393,2.8990335075682387,0.4987679431470172
5.884799093019423,0.03220589959691958,0.2520236660144658,0.3778677117316435,0.004785828247216614,0.0188273892476575,11.093868829871207
0.7632832104792575,7.8825797785724125,0.1978244696368256,0.893635882677989,1.2099620602418235,0.12442651465349794,0.1220093113847946
0.37787594792433926,16.55920951974389,0.2618329818608605,0.0011976276508658395,3.944253398288723,0.014479986516043864,1.2797766421218053
2.2909366506087716,2.6376572593705223,0.32660791278792417,3.8030963250893364,0.011330545118042703,0.009459232383486702,26.4680614828158
5.423711080563976,6.577106517896924,4.722903151472397,0.5528082239465499,0.3306515194962186,0.0011155706043384718,0.010216448399032007
0.1916446061141744,3.812027890554917,0.1842702246850382,6.728053191423422,2.4926609028642006,0.04006108408741783,1.096119400898761
11.246482905404134,0.05782346202704999,4.566401115006228,0.7839864383793833,2.999876160711073,0.03919713570222663,0.011868111248360277
0.07496338063104853,0.026910243991229207,2.556900581557522,0.07105925652745584,0.04879159140087487,4.014933695077889,6.892792729914614
